{
  "IcoMoonType": "selection",
  "icons": [
    {
      "icon": {
        "paths": [
          "M512 964.608l-71.68-70.971c-266.24-233.186-440.32-390.335-440.32-582.968 0-157.149 122.88-278.812 281.6-278.812 87.040 0 174.080 40.554 230.4 106.455 56.32-65.901 143.36-106.455 230.4-106.455 158.72 0 281.6 121.663 281.6 278.812 0 192.633-174.080 349.782-440.32 582.968l-71.68 70.971z"
        ],
        "attrs": [
          {
            "fill": "rgb(255, 107, 8)"
          }
        ],
        "isMulticolor": false,
        "isMulticolor2": false,
        "grid": 0,
        "tags": [
          "heart"
        ]
      },
      "attrs": [
        {
          "fill": "rgb(255, 107, 8)"
        }
      ],
      "properties": {
        "order": 5,
        "id": 0,
        "name": "heart-icon",
        "prevSize": 32,
        "code": 59648
      },
      "setIdx": 0,
      "setId": 2,
      "iconIdx": 0
    }
  ],
  "height": 1024,
  "preferences": {
    "showGlyphs": true,
    "showQuickUse": true,
    "showQuickUse2": true,
    "showSVGs": true,
    "fontPref": {
      "prefix": "icon-",
      "metadata": {
        "fontFamily": "icomoon"
      },
      "metrics": {
        "emSize": 1024,
        "baseline": 6.25,
        "whitespace": 50
      },
      "embed": false
    },
    "imagePref": {
      "prefix": "icon-",
      "png": true,
      "useClassSelector": true,
      "color": 0,
      "bgColor": 16777215,
      "classSelector": ".icon",
      "name": "icomoon"
    },
    "historySize": 50,
    "showCodes": true,
    "gridSize": 16
  }
}